case_no,cs_year,status,company,company_UC
5:2013-cv-00638,,n,"1909, Ltd., d/b/a Hotel Indigo, et al","1909, LTD., D/B/A HOTEL INDIGO, ET AL"
4:2010-cv-03009,,n,"24 Hour Fitness USA, Inc.","24 HOUR FITNESS USA, INC."
3:2013-cv-04886,,n,3 Bears Tire Shop Inc et al,3 BEARS TIRE SHOP INC ET AL
2:2013-cv-00402,,n,"3S Services, LLC","3S SERVICES, LLC"
4:2011-cv-00452,,n,A & G Investments LLC et al,A & G INVESTMENTS LLC ET AL
1:2010-cv-00586,,n,"A Greater Austin Development Company, LTD. et al","A GREATER AUSTIN DEVELOPMENT COMPANY, LTD. ET AL"
7:2012-cv-00031,,n,A Healthy Living Home Health Inc. et al,A HEALTHY LIVING HOME HEALTH INC. ET AL
4:2013-cv-03164,,n,A.S.U.I. Healthcare and Development Center et al,A.S.U.I. HEALTHCARE AND DEVELOPMENT CENTER ET AL
3:2014-cv-00205,,n,"A&D Interests, Inc. d/b/a Heartbreakers et al","A&D INTERESTS, INC. D/B/A HEARTBREAKERS ET AL"
4:2013-cv-03554,,n,"A&P Jimenez Masonry, Inc. et al","A&P JIMENEZ MASONRY, INC. ET AL"
4:2015-cv-01218,,n,"A3H Foods General Partner, LLC","A3H FOODS GENERAL PARTNER, LLC"
1:2010-cv-00040,,n,"ABC Pest Control, Inc. of Austin","ABC PEST CONTROL, INC. OF AUSTIN"
5:2015-cv-00224,,n,"Ability House, Ltd.,et al","ABILITY HOUSE, LTD.,ET AL"
7:2015-cv-00115,,y,"Acme Energy Services, Inc.","ACME ENERGY SERVICES, INC."
4:2011-cv-03862,,m,Acosta et al,ACOSTA ET AL
3:2011-cv-00788,,n,"ACS Enterprises , Inc.","ACS ENTERPRISES , INC."
3:2014-cv-02412,,n,Act Event Services Inc et al,ACT EVENT SERVICES INC ET AL
4:2011-cv-02375,,n,Administaff Companies Inc,ADMINISTAFF COMPANIES INC
2:2014-cv-00131,,y,"Advanced Solids Control, LLC","ADVANCED SOLIDS CONTROL, LLC"
1:2013-cv-00640,,n,"Aerotek, Inc.","AEROTEK, INC."
3:2013-cv-02651,,n,Akal Security Inc,AKAL SECURITY INC
4:2015-cv-02096,,n,"Aladdin Construction Company, Inc. et al","ALADDIN CONSTRUCTION COMPANY, INC. ET AL"
4:2013-cv-03638,,n,"Alert USA Security Services, Inc. et al","ALERT USA SECURITY SERVICES, INC. ET AL"
3:2013-cv-00399,,n,"Alex Quality Fence Services, Inc. et al","ALEX QUALITY FENCE SERVICES, INC. ET AL"
3:2012-cv-00077,,n,"All The Little Things Count, LLC et al","ALL THE LITTLE THINGS COUNT, LLC ET AL"
4:2014-cv-01140,,y,"All-Tech Fuel Systems, LLC et al","ALL-TECH FUEL SYSTEMS, LLC ET AL"
4:2014-cv-00184,,y,"All-Tech Fuel Systems, LLC et al","ALL-TECH FUEL SYSTEMS, LLC ET AL"
4:2011-cv-03816,,n,"Alleges Group, Inc. et al","ALLEGES GROUP, INC. ET AL"
4:2013-cv-02204,,n,"Allegiant Advanced Clinical Research, LLC","ALLEGIANT ADVANCED CLINICAL RESEARCH, LLC"
3:2010-cv-00830,,m,ALPHA SERVICES CORPORATION et al,ALPHA SERVICES CORPORATION ET AL
4:2015-cv-01368,,n,Alterra LLC,ALTERRA LLC
4:2011-cv-03722,,m,Alvarez,ALVAREZ
2:2012-cv-00143,,n,"Amarillo Drive In No.1, Inc. et al","AMARILLO DRIVE IN NO.1, INC. ET AL"
3:2013-cv-01972,,n,American Healthcare Academy LLC et al,AMERICAN HEALTHCARE ACADEMY LLC ET AL
4:2012-cv-02999,,n,"Amigo Dental, D.D.S., P.A. et al","AMIGO DENTAL, D.D.S., P.A. ET AL"
3:2013-cv-02225,,n,Andrew Janitorial Inc et al,ANDREW JANITORIAL INC ET AL
4:2015-cv-01923,,y,Apache Corporation et al,APACHE CORPORATION ET AL
1:2014-cv-00532,,m,"Arain's Sidiqui's, Inc. et al","ARAIN'S SIDIQUI'S, INC. ET AL"
4:2015-cv-02855,,n,"Aramark Facility Services, LLC et al","ARAMARK FACILITY SERVICES, LLC ET AL"
3:2015-cv-00260,,y,Archer Well Company Inc. et al,ARCHER WELL COMPANY INC. ET AL
4:2013-cv-00188,,m,"Arcoda, Inc. et al","ARCODA, INC. ET AL"
1:2014-cv-01050,,n,"ASAP Windows and Siding, Inc.","ASAP WINDOWS AND SIDING, INC."
4:2015-cv-00567,,m,Asiria Corporation et al,ASIRIA CORPORATION ET AL
4:2012-cv-02456,,n,Astrocare Home Healthcare,ASTROCARE HOME HEALTHCARE
4:2012-cv-00082,,n,ASUI Healthcare and Developement Center et al,ASUI HEALTHCARE AND DEVELOPEMENT CENTER ET AL
1:2011-cv-00681,,m,"ATXDATATEL, LLC et al","ATXDATATEL, LLC ET AL"
4:2014-cv-00814,,n,"Automobile Recovery Bureau, Inc. et al","AUTOMOBILE RECOVERY BUREAU, INC. ET AL"
3:2013-cv-03995,,n,Autos EC Incorporated et al,AUTOS EC INCORPORATED ET AL
7:2015-cv-00351,,n,Avila,AVILA
4:2012-cv-00525,,y,AWC Frac Valves Inc.,AWC FRAC VALVES INC.
4:2012-cv-02080,,n,"Ayva Center, LLC et al","AYVA CENTER, LLC ET AL"
4:2011-cv-03963,,n,"Aztec Facility Services, Inc. et al","AZTEC FACILITY SERVICES, INC. ET AL"
3:2010-cv-01070,,n,B Rai Mehta MD PA et al,B RAI MEHTA MD PA ET AL
1:2013-cv-00294,,n,"BAE Systems Land & Armaments, L.P.","BAE SYSTEMS LAND & ARMAMENTS, L.P."
3:2012-cv-04030,,n,"BAF Technologies, Inc.","BAF TECHNOLOGIES, INC."
4:2013-cv-03629,,n,"Bailey, Individually and d/b/a Texas One Protective Services et al","BAILEY, INDIVIDUALLY AND D/B/A TEXAS ONE PROTECTIVE SERVICES ET AL"
4:2015-cv-02201,,n,"Balfour Beatty Infrastructure, Inc.","BALFOUR BEATTY INFRASTRUCTURE, INC."
4:2015-cv-02021,,y,"Bayou Well Services, LLC","BAYOU WELL SERVICES, LLC"
3:2011-cv-03440,,m,"BCSW, LLC et al","BCSW, LLC ET AL"
3:2011-cv-03589,,n,"Bear Transportation Services, L.P.","BEAR TRANSPORTATION SERVICES, L.P."
1:2011-cv-00058,,m,"Beau, Inc. et al","BEAU, INC. ET AL"
1:2013-cv-00643,,n,Beaumont Independent School District,BEAUMONT INDEPENDENT SCHOOL DISTRICT
4:2012-cv-01378,,n,Beijing Cuisine LLC et al,BEIJING CUISINE LLC ET AL
4:2010-cv-01406,,m,Best Alpha LLC et al,BEST ALPHA LLC ET AL
5:2010-cv-00648,,n,Bexar County,BEXAR COUNTY
4:2014-cv-02122,,n,"Big Bang Enterprises, Inc. et al","BIG BANG ENTERPRISES, INC. ET AL"
5:2014-cv-00459,,n,"Bill Hall, Jr. Trucking, LTD. et al","BILL HALL, JR. TRUCKING, LTD. ET AL"
4:2014-cv-00390,,m,Bills et al <B><font color=red>Do not docket in this case. Case is consolidated under 4:13-cv-3652.</font></B>,BILLS ET AL <B><FONT COLOR=RED>DO NOT DOCKET IN THIS CASE. CASE IS CONSOLIDATED UNDER 4:13-CV-3652.</FONT></B>
4:2013-cv-00552,,n,"BJ's Restaurants, Inc.","BJ'S RESTAURANTS, INC."
7:2015-cv-00176,,y,"Black Star Energy Services, LLC, a/k/a Man Lift Rentals, LLC","BLACK STAR ENERGY SERVICES, LLC, A/K/A MAN LIFT RENTALS, LLC"
3:2013-cv-00081,,y,"Blazer Inspection, Inc.","BLAZER INSPECTION, INC."
3:2013-cv-00462,,n,"Brand Property Restoration, L.L.C. et al","BRAND PROPERTY RESTORATION, L.L.C. ET AL"
4:2010-cv-00563,,n,"Brohon, Inc. d/b/a Chicken Express","BROHON, INC. D/B/A CHICKEN EXPRESS"
4:2011-cv-00857,,m,Brown,BROWN
4:2015-cv-01556,,y,"BTI Services, Inc. et al","BTI SERVICES, INC. ET AL"
3:2012-xc-00220,,m,Bubel,BUBEL
6:2011-cv-00088,,n,"Buffet Palace Killeen, Inc.","BUFFET PALACE KILLEEN, INC."
4:2013-cv-03456,,n,"Bureau Veritas North America, Inc.","BUREAU VERITAS NORTH AMERICA, INC."
6:2015-cv-00659,,y,"Burton Oil Service Operations, LLC et al","BURTON OIL SERVICE OPERATIONS, LLC ET AL"
1:2015-cv-00194,,y,Byrd Oilfield Services LLC,BYRD OILFIELD SERVICES LLC
4:2014-cv-02341,,n,"C & D Groceries, Inc. et al","C & D GROCERIES, INC. ET AL"
4:2015-cv-02543,,y,"C&R DOWNHOLD DRILLING, LLC","C&R DOWNHOLD DRILLING, LLC"
4:2012-cv-00455,,n,"Cabinets By Michael, Inc. et al","CABINETS BY MICHAEL, INC. ET AL"
4:2010-cv-00067,,n,"Cafe Gecko, Inc. et al","CAFE GECKO, INC. ET AL"
4:2015-cv-00350,,n,Camera Video Clinic et al,CAMERA VIDEO CLINIC ET AL
1:2015-cv-00080,,n,Can-Doo Budjet Rentals Incorporated,CAN-DOO BUDJET RENTALS INCORPORATED
6:2014-cv-00997,,y,"Canon Safety Services, LTD., d/b/a Canon Safety/RHI Group","CANON SAFETY SERVICES, LTD., D/B/A CANON SAFETY/RHI GROUP"
1:2014-cv-00236,,n,"Capital of Texas Roofing, LLC et al","CAPITAL OF TEXAS ROOFING, LLC ET AL"
1:2013-cv-00374,,n,"CAR-BER Testing Texas, LLC","CAR-BER TESTING TEXAS, LLC"
4:2011-cv-01054,,n,"Caring Companions, LLC et al","CARING COMPANIONS, LLC ET AL"
4:2010-cv-01880,,m,Carr et al,CARR ET AL
4:2013-cv-00827,,m,Castillo,CASTILLO
4:2013-cv-01242,,m,Castro,CASTRO
4:2014-cv-00281,,n,"Catepillar, Inc.","CATEPILLAR, INC."
3:2013-cv-04072,,n,Celui Investments LLC,CELUI INVESTMENTS LLC
4:2010-cv-02180,,n,"CENTRE TECHNOLOGIES, INC. et al","CENTRE TECHNOLOGIES, INC. ET AL"
4:2012-cv-02320,,n,"Cervantes Building Maintenance, Inc. et al","CERVANTES BUILDING MAINTENANCE, INC. ET AL"
4:2013-cv-02242,,n,"CGRD Enterprises, LLC et al","CGRD ENTERPRISES, LLC ET AL"
5:2013-cv-00173,,n,"Cha-Cha's Restaurant II, Inc., et al","CHA-CHA'S RESTAURANT II, INC., ET AL"
1:2012-cv-00378,,y,"Chalker Energy Partners III, LLC","CHALKER ENERGY PARTNERS III, LLC"
4:2010-cv-00434,,n,"Chartis Global Investiona, Inc.","CHARTIS GLOBAL INVESTIONA, INC."
3:2011-cv-02513,,n,Cheddar's Casual Cafe Inc,CHEDDAR'S CASUAL CAFE INC
3:2012-cv-02128,,m,Chu,CHU
5:2015-cv-00468,,y,"Circle Bar A, Inc.","CIRCLE BAR A, INC."
2:2011-cv-00022,,n,"CITGO Refining and Chemicals Company, LP","CITGO REFINING AND CHEMICALS COMPANY, LP"
4:2013-cv-00265,,n,City of Deer Park,CITY OF DEER PARK
3:2010-cv-00176,,n,City Of Texas City,CITY OF TEXAS CITY
6:2012-cv-00095,,n,"City of Whitney, Texas","CITY OF WHITNEY, TEXAS"
4:2011-cv-04133,,n,"Clark Cooper Restaurants, LLC et al","CLARK COOPER RESTAURANTS, LLC ET AL"
4:2011-cv-02947,,n,"CLARK, BURNETT, LOVE & LEE, GP","CLARK, BURNETT, LOVE & LEE, GP"
4:2015-cv-00319,,n,Clay's Processing & Smokehouse et al,CLAY'S PROCESSING & SMOKEHOUSE ET AL
4:2013-cv-00136,,y,"Coil Tubing Services, L.L.C. DO NOT DOCKET. CASE IS CONSOLIDATED UNDER 08CV3370","COIL TUBING SERVICES, L.L.C. DO NOT DOCKET. CASE IS CONSOLIDATED UNDER 08CV3370"
3:2014-cv-00916,,n,Collecto Inc,COLLECTO INC
5:2010-cv-00638,,n,"Commercial Properties Consultants, Inc. d/b/a Summit Oaks Apartments, a California Corporation","COMMERCIAL PROPERTIES CONSULTANTS, INC. D/B/A SUMMIT OAKS APARTMENTS, A CALIFORNIA CORPORATION"
4:2012-cv-03249,,n,"Conlen Surfactant Technologies, Inc. et al","CONLEN SURFACTANT TECHNOLOGIES, INC. ET AL"
4:2015-cv-02347,,n,"Conroe Concrete, Ltd.","CONROE CONCRETE, LTD."
1:2013-cv-01008,,n,"Coors of Austin, L.P. et al","COORS OF AUSTIN, L.P. ET AL"
1:2011-cv-00082,,n,"CoTechno Group, Inc. et al","COTECHNO GROUP, INC. ET AL"
1:2012-cv-00474,,n,"Cottonwood Lodging, Inc. et al","COTTONWOOD LODGING, INC. ET AL"
4:2013-cv-02287,,m,"Craft 2 Masters, Ltd.","CRAFT 2 MASTERS, LTD."
4:2012-cv-02984,,n,"Crane Worldwide Logistics, LLC","CRANE WORLDWIDE LOGISTICS, LLC"
3:2013-cv-01485,,n,"CRV Group, Inc. et al","CRV GROUP, INC. ET AL"
4:2012-cv-01925,,n,CTS et al,CTS ET AL
4:2011-cv-00490,,n,Cultural Academic Student Exchange,CULTURAL ACADEMIC STUDENT EXCHANGE
6:2011-cv-00713,,n,"Custom Care HCS, LLC","CUSTOM CARE HCS, LLC"
5:2013-cv-00870,,m,CyberIQ et al,CYBERIQ ET AL
6:2015-cv-00018,,y,D&B Flowback & Well Testing,D&B FLOWBACK & WELL TESTING
3:2013-cv-04897,,n,Dallas Gourmet Bakery Inc et al,DALLAS GOURMET BAKERY INC ET AL
4:2011-cv-04390,,m,Davis,DAVIS
3:2013-cv-01336,,n,"Debartnboys Trucking, Inc. et al","DEBARTNBOYS TRUCKING, INC. ET AL"
3:2010-cv-02603,,n,Defender Security Company,DEFENDER SECURITY COMPANY
4:2014-cv-01465,,m,Del Rio et al,DEL RIO ET AL
3:2011-cv-03252,,n,"Delta Medical, PA et al","DELTA MEDICAL, PA ET AL"
4:2015-cv-01973,,n,"Digital Delight, LP et al","DIGITAL DELIGHT, LP ET AL"
5:2015-cv-00570,,n,Dilley Housing Authority et al,DILLEY HOUSING AUTHORITY ET AL
4:2014-cv-02962,,n,"DIRECTV, Inc. et al","DIRECTV, INC. ET AL"
4:2011-cv-03624,,n,"DLT 3 Girls, Inc. et al","DLT 3 GIRLS, INC. ET AL"
1:2010-cv-00621,,n,"DM Designs, Inc.","DM DESIGNS, INC."
4:2010-cv-01520,,n,"Dolgencorp, Inc. et al","DOLGENCORP, INC. ET AL"
5:2010-cv-00417,,n,"Dolgencorp, Inc. et al","DOLGENCORP, INC. ET AL"
4:2010-cv-01553,,n,"Dolgencorp, Inc. et al","DOLGENCORP, INC. ET AL"
6:2010-cv-00204,,n,"Dolgencorp, Inc. et al","DOLGENCORP, INC. ET AL"
4:2010-cv-01558,,n,"Dolgencorp, Inc. et al","DOLGENCORP, INC. ET AL"
6:2010-cv-00217,,n,"Dolgencorp, Inc. et al","DOLGENCORP, INC. ET AL"
4:2010-cv-01542,,n,"Dolgencorp, Inc. et al","DOLGENCORP, INC. ET AL"
5:2010-cv-00434,,n,"Dolgencorp, Inc. et al","DOLGENCORP, INC. ET AL"
5:2010-cv-00416,,n,"Dolgencorp, Inc. et al","DOLGENCORP, INC. ET AL"
6:2010-cv-00191,,n,"Dolgencorp, Inc. et al","DOLGENCORP, INC. ET AL"
6:2010-cv-00190,,n,"Dolgencorp, Inc. et al","DOLGENCORP, INC. ET AL"
5:2010-cv-00399,,n,"Dolgencorp, Inc. et al","DOLGENCORP, INC. ET AL"
5:2010-cv-00423,,n,"Dolgencorp, Inc. et al","DOLGENCORP, INC. ET AL"
5:2010-cv-00409,,n,"Dolgencorp, Inc. et al","DOLGENCORP, INC. ET AL"
4:2013-cv-03770,,n,Du-West Construction Inc.,DU-WEST CONSTRUCTION INC.
1:2011-cv-00066,,n,"Dunham Law Firm, P.C.","DUNHAM LAW FIRM, P.C."
4:2013-cv-03192,,n,"E & L Transfer, LLC et al <B><font color=red>Do not docket in this case. Case is consolidated under 4:13cv3498.</font></B>","E & L TRANSFER, LLC ET AL <B><FONT COLOR=RED>DO NOT DOCKET IN THIS CASE. CASE IS CONSOLIDATED UNDER 4:13CV3498.</FONT></B>"
4:2015-cv-00304,,n,"Eclipse Soccer Club, Inc.","ECLIPSE SOCCER CLUB, INC."
4:2015-cv-02402,,n,Eddies Americana Cuisine Concepts LLC et al,EDDIES AMERICANA CUISINE CONCEPTS LLC ET AL
3:2013-cv-01423,,n,Edwards Mail Service Inc et al,EDWARDS MAIL SERVICE INC ET AL
1:2015-xc-00183,,n,"EL Pollo Regio IP, LLC et al","EL POLLO REGIO IP, LLC ET AL"
3:2011-cv-02276,,n,"El Pollo Regio, Inc. et al","EL POLLO REGIO, INC. ET AL"
2:2015-cv-00230,,y,"Elite Compression Services, LLC","ELITE COMPRESSION SERVICES, LLC"
3:2014-cv-03954,,n,"Elite Dental Associates - Dallas, PC et al","ELITE DENTAL ASSOCIATES - DALLAS, PC ET AL"
3:2012-xc-00219,,m,Ellison,ELLISON
3:2013-cv-00723,,n,Empire Environmental Group LLC,EMPIRE ENVIRONMENTAL GROUP LLC
4:2011-cv-00031,,y,Encana Oil and Gas,ENCANA OIL AND GAS
5:2014-cv-00151,,n,Enedelia Garcia,ENEDELIA GARCIA
3:2013-cv-02622,,n,Ennis Independent School District,ENNIS INDEPENDENT SCHOOL DISTRICT
3:2015-cv-01050,,n,Ennis Independent School District,ENNIS INDEPENDENT SCHOOL DISTRICT
4:2013-cv-03032,,y,Enterprise Operating Company,ENTERPRISE OPERATING COMPANY
3:2013-cv-02853,,n,"Eric Freeman & Companies, Inc. et al","ERIC FREEMAN & COMPANIES, INC. ET AL"
4:2011-cv-03930,,n,"Exclusive Furniture, L.P. et al","EXCLUSIVE FURNITURE, L.P. ET AL"
2:2014-cv-00110,,n,Exclusive Wireless et al,EXCLUSIVE WIRELESS ET AL
4:2015-cv-01580,,y,"Extreme Engineering, Ltd. et al","EXTREME ENGINEERING, LTD. ET AL"
4:2010-cv-04457,,n,"FAMSA, Inc. et al","FAMSA, INC. ET AL"
4:2010-cv-00499,,n,"Fast Accurate Bindery, Inc. et al","FAST ACCURATE BINDERY, INC. ET AL"
1:2015-cv-00560,,n,"Fellers, Inc.","FELLERS, INC."
1:2015-cv-00581,,m,Ferry,FERRY
2:2015-cv-00118,,y,"FESCO, LTD","FESCO, LTD"
4:2013-cv-03502,,n,"First Choice Messengers, Inc.","FIRST CHOICE MESSENGERS, INC."
4:2015-cv-00343,,n,FlexXray LLC et al,FLEXXRAY LLC ET AL
3:2015-cv-00294,,n,FlexXray LLC et al,FLEXXRAY LLC ET AL
3:2013-cv-00254,,n,"Florida Marine Transporters, Inc","FLORIDA MARINE TRANSPORTERS, INC"
3:2014-cv-00656,,n,FoodTronix LLC et al,FOODTRONIX LLC ET AL
3:2013-cv-03958,,n,Fore Property Company,FORE PROPERTY COMPANY
4:2015-cv-02780,,n,Foundation Ancillary Services Affiliate LLC,FOUNDATION ANCILLARY SERVICES AFFILIATE LLC
4:2011-cv-01142,,n,"Four Way Pallet Company, LLC","FOUR WAY PALLET COMPANY, LLC"
4:2013-cv-01563,,n,"FPS, LP d/b/a Office Furniture Connection et al","FPS, LP D/B/A OFFICE FURNITURE CONNECTION ET AL"
3:2013-cv-00051,,n,Frank's Dixie Meat Center & Catering et al,FRANK'S DIXIE MEAT CENTER & CATERING ET AL
3:2013-cv-05041,,n,"Fred Loya Insurance Agency, Inc.","FRED LOYA INSURANCE AGENCY, INC."
4:2013-cv-00107,,m,Frontier Land Limited Partnership III et al,FRONTIER LAND LIMITED PARTNERSHIP III ET AL
4:2010-cv-03299,,n,"Frontier Transport NA, LP,","FRONTIER TRANSPORT NA, LP,"
4:2014-cv-00731,,n,"Fry at Grand, Inc d/b/a Denny's No. 8009 et al","FRY AT GRAND, INC D/B/A DENNY'S NO. 8009 ET AL"
3:2015-cv-02991,,m,Fuller et al,FULLER ET AL
4:2010-cv-01679,,y,"G.A.S. Unlimited, Inc.","G.A.S. UNLIMITED, INC."
1:2012-cv-00131,,n,"G&M Construction, Inc. et al","G&M CONSTRUCTION, INC. ET AL"
4:2014-cv-01929,,n,"G&MG Management, Inc. et al","G&MG MANAGEMENT, INC. ET AL"
4:2013-cv-01202,,n,"Gables Estates, Ltd. et al","GABLES ESTATES, LTD. ET AL"
3:2014-cv-00073,,m,Garcia,GARCIA
4:2010-cv-02816,,n,"GBJ, Inc. et al","GBJ, INC. ET AL"
3:2011-cv-01333,,n,"GC Valet Service, Inc. et al","GC VALET SERVICE, INC. ET AL"
4:2015-cv-02130,,n,"General Polymer Services, L.L.C.","GENERAL POLYMER SERVICES, L.L.C."
3:2015-cv-02293,,n,"Genesis Physicians Group, Inc. et al","GENESIS PHYSICIANS GROUP, INC. ET AL"
3:2015-cv-02474,,n,"Gentiva Health Services, LLC","GENTIVA HEALTH SERVICES, LLC"
3:2010-cv-02510,,n,"GG Valley Ranch, Inc. et al","GG VALLEY RANCH, INC. ET AL"
4:2011-cv-00478,,n,Gonzales General Painting et al,GONZALES GENERAL PAINTING ET AL
4:2014-cv-02993,,m,Gonzalez et al,GONZALEZ ET AL
4:2013-cv-00193,,n,"Grace Home Health, Inc.","GRACE HOME HEALTH, INC."
4:2012-cv-01067,,n,"Gratis Cellular, Inc et al","GRATIS CELLULAR, INC ET AL"
4:2011-cv-03082,,n,Greater Houston All-Pro Auto Interiors LLC et al,GREATER HOUSTON ALL-PRO AUTO INTERIORS LLC ET AL
4:2014-cv-00961,,n,"Grotech Services, Inc.","GROTECH SERVICES, INC."
4:2013-cv-00353,,n,"H.E.B., Inc.","H.E.B., INC."
5:2010-cv-00499,,n,"Hager Construction, Inc.","HAGER CONSTRUCTION, INC."
4:2014-cv-01534,,y,Halliburton Company,HALLIBURTON COMPANY
4:2013-cv-02999,,n,Hanif et al,HANIF ET AL
1:2010-cv-00077,,m,Harper,HARPER
4:2014-cv-00487,,n,"Hearst Newspapers, LLC","HEARST NEWSPAPERS, LLC"
4:2013-cv-02747,,n,"Hearst Newspapers, LLC dba The Houston Chronicle","HEARST NEWSPAPERS, LLC DBA THE HOUSTON CHRONICLE"
4:2015-cv-02077,,n,Heights Asian Cafe Inc.,HEIGHTS ASIAN CAFE INC.
5:2014-cv-00150,,n,Henry Ranch LLC et al,HENRY RANCH LLC ET AL
4:2012-cv-02120,,n,"Heritage Park of Katy, LLC","HERITAGE PARK OF KATY, LLC"
3:2010-cv-00247,,m,Hernandez et al,HERNANDEZ ET AL
6:2012-cv-00225,,n,"High Performance Ropes of America, Inc., et al","HIGH PERFORMANCE ROPES OF AMERICA, INC., ET AL"
3:2014-cv-00143,,y,"Higman Barge Lines, Inc.","HIGMAN BARGE LINES, INC."
3:2013-cv-02213,,n,Holiday Market Inc et al,HOLIDAY MARKET INC ET AL
3:2011-cv-00937,,n,"Hong Kong Market Place, Inc. et al","HONG KONG MARKET PLACE, INC. ET AL"
7:2015-cv-00175,,y,"Horizon Mud Co., Inc.","HORIZON MUD CO., INC."
2:2014-cv-00401,,n,"Hotel Management and Consulting, Inc.","HOTEL MANAGEMENT AND CONSULTING, INC."
5:2014-cv-00036,,m,Hydroworks Incorporated et al,HYDROWORKS INCORPORATED ET AL
3:2013-cv-03015,,n,iForward Solutions LLC et al,IFORWARD SOLUTIONS LLC ET AL
3:2015-cv-03196,,n,Illini State Trucking Co,ILLINI STATE TRUCKING CO
4:2014-cv-03232,,n,"Illusion Stone, Inc.","ILLUSION STONE, INC."
4:2011-cv-00827,,n,"Image Drycleaners and Laundry, Inc.","IMAGE DRYCLEANERS AND LAUNDRY, INC."
3:2012-cv-02379,,n,Imperio Group Inc et al,IMPERIO GROUP INC ET AL
3:2014-cv-00279,,n,"Innovative Education Solutions, LLC","INNOVATIVE EDUCATION SOLUTIONS, LLC"
4:2015-cv-00833,,n,"Invesco, Ltd","INVESCO, LTD"
3:2014-cv-02346,,n,J and S Creative LLC et al,J AND S CREATIVE LLC ET AL
1:2015-cv-00334,,n,"J. Squared Services, Inc. et al","J. SQUARED SERVICES, INC. ET AL"
3:2015-cv-02657,,y,"Jag Industrial Services, Inc. et al","JAG INDUSTRIAL SERVICES, INC. ET AL"
3:2015-cv-00530,,n,JCAHO Surveyor and QHR Consultant Corp,JCAHO SURVEYOR AND QHR CONSULTANT CORP
3:2014-cv-04172,,n,Jencon Associates LLC et al,JENCON ASSOCIATES LLC ET AL
6:2011-cv-00069,,n,"Jet Works Air Center Management, LLC d/b/a Jet Works Air Center et al","JET WORKS AIR CENTER MANAGEMENT, LLC D/B/A JET WORKS AIR CENTER ET AL"
4:2013-cv-02090,,n,"John Moore Services, Inc.","JOHN MOORE SERVICES, INC."
4:2011-cv-00856,,m,JOHNSON,JOHNSON
3:2014-cv-04309,,n,Johnson Service Group Inc,JOHNSON SERVICE GROUP INC
3:2014-cv-03393,,m,Jones,JONES
3:2013-cv-00588,,n,JTCH Apartments LLC et al,JTCH APARTMENTS LLC ET AL
4:2012-cv-00240,,n,"Jus-Tex Enterprises, Inc. et al","JUS-TEX ENTERPRISES, INC. ET AL"
4:2014-cv-03237,,n,"JYODH Inn, LLC","JYODH INN, LLC"
4:2013-cv-02509,,n,"K & K Best Care Ambulance Services, Inc. et al","K & K BEST CARE AMBULANCE SERVICES, INC. ET AL"
1:2010-cv-00108,,n,"KAM Restaurants, Inc. et al","KAM RESTAURANTS, INC. ET AL"
3:2010-cv-01899,,n,"KAM Restaurants, Inc. et al","KAM RESTAURANTS, INC. ET AL"
4:2010-cv-03387,,n,"Kaneko, L.L.C. d/b/a Little Tokyo II et al","KANEKO, L.L.C. D/B/A LITTLE TOKYO II ET AL"
4:2012-cv-02470,,n,Kaplan Higher Education Corporation,KAPLAN HIGHER EDUCATION CORPORATION
1:2010-cv-00284,,n,"Kapow Technologies, Inc.","KAPOW TECHNOLOGIES, INC."
1:2010-cv-00156,,n,"Kara Living Centers, Inc. et al","KARA LIVING CENTERS, INC. ET AL"
3:2013-cv-04211,,n,"Kenneth & Company Honey Do Services, LLC","KENNETH & COMPANY HONEY DO SERVICES, LLC"
5:2013-cv-01143,,y,"KHM Rentals, LLC et al","KHM RENTALS, LLC ET AL"
1:2014-cv-00155,,n,Kokel,KOKEL
4:2013-cv-01458,,n,Kraftsmen Bakers I Ltd. et al,KRAFTSMEN BAKERS I LTD. ET AL
3:2011-cv-02388,,m,Kreis et al,KREIS ET AL
2:2015-cv-00221,,y,"Kwick Rentals, LLC et al","KWICK RENTALS, LLC ET AL"
3:2010-cv-02252,,n,L&S Plumbing Partnership Ltd et al,L&S PLUMBING PARTNERSHIP LTD ET AL
3:2012-cv-02600,,n,La Reve Consultants et al,LA REVE CONSULTANTS ET AL
3:2014-cv-03726,,n,Lane-Valente Industries (Nat'l) Inc,LANE-VALENTE INDUSTRIES (NAT'L) INC
4:2011-cv-00906,,n,"LB Foods, Inc. et al","LB FOODS, INC. ET AL"
3:2013-cv-01354,,m,Lebz Corporation et al,LEBZ CORPORATION ET AL
4:2015-cv-01128,,m,Lee,LEE
4:2013-cv-02401,,n,"Lexicon, Inc. et al","LEXICON, INC. ET AL"
3:2010-cv-02015,,n,"Link America Dedicated, Inc.","LINK AMERICA DEDICATED, INC."
4:2014-cv-02844,,n,"Lockwood Travel Center, LLC et al","LOCKWOOD TRAVEL CENTER, LLC ET AL"
3:2011-cv-00435,,n,"Lone Star Foxhall, L.L.C. et al","LONE STAR FOXHALL, L.L.C. ET AL"
4:2012-cv-01671,,m,Lopez et al,LOPEZ ET AL
5:2013-cv-00510,,n,"Lowe's Companies, Inc.","LOWE'S COMPANIES, INC."
3:2013-cv-03284,,n,"LTF Club Management Company, LLC","LTF CLUB MANAGEMENT COMPANY, LLC"
4:2014-cv-02113,,n,"Luxury Parking, Inc.","LUXURY PARKING, INC."
1:2012-cv-00071,,n,"M C Taqueria Siberia, LLC et al","M C TAQUERIA SIBERIA, LLC ET AL"
4:2014-cv-02966,,y,"M-I, LLC","M-I, LLC"
3:2014-cv-01001,,n,"M2 Steel Systems, LLC","M2 STEEL SYSTEMS, LLC"
4:2014-cv-00887,,n,"Makansam, Inc. et al","MAKANSAM, INC. ET AL"
3:2013-cv-02528,,n,"Manchester Place, LLC et al","MANCHESTER PLACE, LLC ET AL"
1:2013-cv-00281,,n,Marcrum Management Co.,MARCRUM MANAGEMENT CO.
1:2011-cv-00147,,n,"Marine Military Academy Air Wing, Inc. et al","MARINE MILITARY ACADEMY AIR WING, INC. ET AL"
3:2013-cv-00455,,m,Maristan d/b/a Lumar Co. Contractors,MARISTAN D/B/A LUMAR CO. CONTRACTORS
7:2012-cv-00036,,n,Marjua Corporation,MARJUA CORPORATION
3:2013-cv-00301,,y,Martin Midstream Partners,MARTIN MIDSTREAM PARTNERS
2:2014-cv-00197,,y,Martin Midstream Partners,MARTIN MIDSTREAM PARTNERS
4:2012-cv-00269,,n,"Master Valet & Custom Transport, Inc.","MASTER VALET & CUSTOM TRANSPORT, INC."
4:2015-cv-00425,,n,"Maxim Healthcare Services, Inc.","MAXIM HEALTHCARE SERVICES, INC."
4:2012-cv-00542,,n,"McClain's R.V., Inc. et al","MCCLAIN'S R.V., INC. ET AL"
7:2014-cv-00127,,y,McClinton Energy Group LLC et al,MCCLINTON ENERGY GROUP LLC ET AL
7:2015-cv-00019,,y,"McClinton Energy Group, L.L.C. et al","MCCLINTON ENERGY GROUP, L.L.C. ET AL"
4:2013-cv-02656,,n,"MD Security, Inc. DBA Spartan et al <B><font color=red>Do not docket in 4:13-cv-2656. Case is consolidated under 4:13-cv-2257.</font></B>","MD SECURITY, INC. DBA SPARTAN ET AL <B><FONT COLOR=RED>DO NOT DOCKET IN 4:13-CV-2656. CASE IS CONSOLIDATED UNDER 4:13-CV-2257.</FONT></B>"
1:2010-cv-00946,,n,"Mendelson, Inc.","MENDELSON, INC."
3:2013-cv-01122,,n,"Meridian Williamsburg Acquisition Partners, LP et al","MERIDIAN WILLIAMSBURG ACQUISITION PARTNERS, LP ET AL"
3:2010-cv-00605,,n,Meritage Homes Corporation et al,MERITAGE HOMES CORPORATION ET AL
4:2013-cv-02102,,n,"Metro One Loss Prevention Services Group (Guard Division), Inc.","METRO ONE LOSS PREVENTION SERVICES GROUP (GUARD DIVISION), INC."
4:2013-cv-00520,,n,"MidAmerica Mortgage, Inc. et al","MIDAMERICA MORTGAGE, INC. ET AL"
4:2013-cv-02876,,n,"Miller Demolishing Company, Inc. et al","MILLER DEMOLISHING COMPANY, INC. ET AL"
4:2014-cv-00483,,n,Misfit Industries (US) LLC et al,MISFIT INDUSTRIES (US) LLC ET AL
5:2014-cv-01084,,n,"MMI Ventures, LLC et al","MMI VENTURES, LLC ET AL"
4:2013-cv-01884,,n,"Mobile Warehouse, LLC et al","MOBILE WAREHOUSE, LLC ET AL"
3:2012-cv-00706,,n,Monarch Dental Corporation et al,MONARCH DENTAL CORPORATION ET AL
4:2015-cv-01867,,m,"MPMC1, LLC et al","MPMC1, LLC ET AL"
4:2012-cv-03066,,n,MRC Towncreek et al,MRC TOWNCREEK ET AL
4:2015-cv-01428,,n,"Mundae Cleaning & Restoration Services, Inc. et al","MUNDAE CLEANING & RESTORATION SERVICES, INC. ET AL"
1:2011-cv-00090,,n,"Municipal Accounts & Consulting, L.P. et al","MUNICIPAL ACCOUNTS & CONSULTING, L.P. ET AL"
3:2012-xc-00211,,m,Myers,MYERS
3:2010-cv-02349,,n,"Myers Services, Inc.","MYERS SERVICES, INC."
4:2014-cv-02713,,m,Naqib Business Corporation et al,NAQIB BUSINESS CORPORATION ET AL
5:2012-cv-00026,,n,"Narvaez Fine Meats, Inc. et al","NARVAEZ FINE MEATS, INC. ET AL"
4:2015-cv-02814,,y,National Oilwell Varco LP,NATIONAL OILWELL VARCO LP
4:2014-cv-02935,,y,"National Oilwell Varco, L.P. et al","NATIONAL OILWELL VARCO, L.P. ET AL"
3:2013-cv-01787,,n,"Nature's Second Chance Hauling, LLC","NATURE'S SECOND CHANCE HAULING, LLC"
1:2015-cv-00536,,n,"Navika Capital Group, LLC et al","NAVIKA CAPITAL GROUP, LLC ET AL"
3:2015-cv-00210,,n,"Navika Capital Group, LLC et al","NAVIKA CAPITAL GROUP, LLC ET AL"
3:2014-cv-01726,,n,"NBN Commercial Group, LLC et al","NBN COMMERCIAL GROUP, LLC ET AL"
4:2014-cv-02297,,n,"Nestle Waters North America, Inc.","NESTLE WATERS NORTH AMERICA, INC."
2:2011-cv-00198,,n,"Nevada All American Property Management, Inc.","NEVADA ALL AMERICAN PROPERTY MANAGEMENT, INC."
4:2010-cv-03141,,y,"Nevis Energy Services, Inc. et al","NEVIS ENERGY SERVICES, INC. ET AL"
4:2014-cv-01668,,n,"New Express Mobil Mart, Inc. et al","NEW EXPRESS MOBIL MART, INC. ET AL"
4:2015-cv-00145,,n,"New Orleans Cold Storage and Warehouse Company, Ltd et al","NEW ORLEANS COLD STORAGE AND WAREHOUSE COMPANY, LTD ET AL"
3:2013-cv-00268,,n,"Newhouse Services, Inc. et al","NEWHOUSE SERVICES, INC. ET AL"
5:2014-cv-00552,,y,"Newpark Drilling Fluids, LLC","NEWPARK DRILLING FLUIDS, LLC"
4:2015-cv-02074,,y,"Newpark Drilling Fluids, LLC","NEWPARK DRILLING FLUIDS, LLC"
4:2015-cv-01576,,y,"Newpark Drilling Fluids, LLC","NEWPARK DRILLING FLUIDS, LLC"
3:2011-cv-03260,,n,Nine Zero Wings LLC et al,NINE ZERO WINGS LLC ET AL
1:2013-cv-00076,,n,Noble Resource Company,NOBLE RESOURCE COMPANY
1:2010-cv-00984,,n,"Norquist Salvage Corporation, Inc.","NORQUIST SALVAGE CORPORATION, INC."
4:2011-cv-00846,,m,NORRIS,NORRIS
4:2011-cv-03676,,n,"Nova Asset Management, Inc et al","NOVA ASSET MANAGEMENT, INC ET AL"
4:2014-cv-01925,,y,"Ocean Flow International, LLC","OCEAN FLOW INTERNATIONAL, LLC"
3:2013-cv-00408,,y,"Oceaneering International, Inc. - <B><font color=red>DO NOT DOCKET. CASE HAS BEEN TRANSFERRED OUT.</font></B>","OCEANEERING INTERNATIONAL, INC. - <B><FONT COLOR=RED>DO NOT DOCKET. CASE HAS BEEN TRANSFERRED OUT.</FONT></B>"
2:2013-cv-00805,,n,"Odum Services, L.P.","ODUM SERVICES, L.P."
6:2014-cv-00058,,y,"Oil Patch Group, Inc.","OIL PATCH GROUP, INC."
3:2013-cv-04938,,n,"Ojos Locos Sports Cantina, LLC","OJOS LOCOS SPORTS CANTINA, LLC"
4:2012-cv-03361,,n,"Omega Drywall Company, Inc. et al","OMEGA DRYWALL COMPANY, INC. ET AL"
1:2015-cv-00493,,y,"Omni Water Solutions, Inc.","OMNI WATER SOLUTIONS, INC."
1:2011-cv-00905,,n,"Open Mortgage, LLC","OPEN MORTGAGE, LLC"
1:2014-cv-00055,,n,Orbital Insulation Corp.,ORBITAL INSULATION CORP.
3:2011-cv-01473,,n,Oughta Paint Inc,OUGHTA PAINT INC
1:2014-cv-00092,,n,"P3 Hospitality, LP et al","P3 HOSPITALITY, LP ET AL"
6:2010-cv-00552,,n,"Pace Opportunity Centers, Inc.","PACE OPPORTUNITY CENTERS, INC."
3:2013-cv-00392,,n,Palacios Community Medical Center,PALACIOS COMMUNITY MEDICAL CENTER
1:2015-cv-00862,,n,"PCW Construction, Inc. et al","PCW CONSTRUCTION, INC. ET AL"
3:2015-cv-01762,,n,Peak Powers Services Inc,PEAK POWERS SERVICES INC
2:2010-cv-00017,,m,Perez,PEREZ
1:2011-cv-00711,,n,"Performance Contractors, Inc","PERFORMANCE CONTRACTORS, INC"
3:2013-cv-01713,,n,"Pest Management Of Texas, Inc.","PEST MANAGEMENT OF TEXAS, INC."
3:2013-cv-02232,,m,"PFL Industries, LLC et al","PFL INDUSTRIES, LLC ET AL"
3:2014-cv-01339,,n,Pho Chateau Dallas LP et al,PHO CHATEAU DALLAS LP ET AL
4:2014-cv-01915,,n,"Praxair Distribution, Inc. et al","PRAXAIR DISTRIBUTION, INC. ET AL"
3:2012-cv-04000,,m,Preece et al,PREECE ET AL
3:2013-cv-00101,,n,"Preferred Visiting Nurses, PLLC et al","PREFERRED VISITING NURSES, PLLC ET AL"
3:2010-cv-01216,,n,"Prestonwood Culinary Group, Ltd. et al","PRESTONWOOD CULINARY GROUP, LTD. ET AL"
6:2015-cv-00448,,y,"Priority Energy Services, LLC","PRIORITY ENERGY SERVICES, LLC"
3:2011-cv-00172,,n,"Private Mini Storage Manager, Inc. et al","PRIVATE MINI STORAGE MANAGER, INC. ET AL"
4:2015-cv-00800,,y,"Pro Plus, Inc.","PRO PLUS, INC."
4:2015-cv-00473,,y,"Professional Directional, Ltd.","PROFESSIONAL DIRECTIONAL, LTD."
4:2013-cv-03153,,n,PTEX Corp et al,PTEX CORP ET AL
4:2011-cv-04265,,n,Pulido,PULIDO
3:2013-cv-04098,,y,"Quick Fuel Fleet Services, LLC","QUICK FUEL FLEET SERVICES, LLC"
3:2012-cv-01641,,n,Quicksi.com LLC,QUICKSI.COM LLC
4:2011-cv-04273,,m,Quinn,QUINN
1:2014-cv-00820,,n,"Raintree Construction, Inc et al","RAINTREE CONSTRUCTION, INC ET AL"
7:2012-cv-00127,,m,Ramones et al,RAMONES ET AL
5:2014-cv-01118,,n,"Rao, MD et al","RAO, MD ET AL"
3:2013-cv-01763,,n,"Recharge Investment, Inc. et al","RECHARGE INVESTMENT, INC. ET AL"
3:2012-cv-04955,,n,"Reed Elsevier, Inc.","REED ELSEVIER, INC."
4:2015-cv-01629,,n,"Refinery Specialties, Inc.","REFINERY SPECIALTIES, INC."
3:2014-cv-01227,,y,Regency Energy Partners LP et al,REGENCY ENERGY PARTNERS LP ET AL
4:2010-cv-02094,,n,"Remington College - Houston Campus, Inc.","REMINGTON COLLEGE - HOUSTON CAMPUS, INC."
5:2013-cv-00020,,n,"Republic Services, Inc","REPUBLIC SERVICES, INC"
2:2014-cv-00077,,n,"Republic Services, Inc.","REPUBLIC SERVICES, INC."
4:2010-cv-03622,,m,"Reservoir, Inc. et al","RESERVOIR, INC. ET AL"
3:2015-cv-00175,,n,Respiratory Sleep Solutions Inc,RESPIRATORY SLEEP SOLUTIONS INC
4:2010-cv-00856,,m,Richards et al,RICHARDS ET AL
5:2013-cv-00122,,y,Riley Geological Consultants et al,RILEY GEOLOGICAL CONSULTANTS ET AL
4:2011-cv-04396,,m,Romano,ROMANO
4:2014-cv-00192,,n,"Russell & Smith Ford, Inc.","RUSSELL & SMITH FORD, INC."
1:2013-cv-00384,,y,"S&B Engineeers and Constructors, Ltd","S&B ENGINEEERS AND CONSTRUCTORS, LTD"
1:2011-cv-00400,,n,"S&S Floor Care and Cleaning Services, LLC et al","S&S FLOOR CARE AND CLEANING SERVICES, LLC ET AL"
2:2014-cv-01002,,n,"Salcido, Jr. et al","SALCIDO, JR. ET AL"
4:2013-cv-01454,,n,"Sanford Brown, Limited","SANFORD BROWN, LIMITED"
1:2011-cv-00017,,n,Sanofi-Aventis U.S. Inc. et al,SANOFI-AVENTIS U.S. INC. ET AL
5:2011-cv-00826,,n,"Satterfield and Pontikes Construction, Inc.","SATTERFIELD AND PONTIKES CONSTRUCTION, INC."
4:2013-cv-03585,,n,"Savaseniorcare Administrative Services, LLC","SAVASENIORCARE ADMINISTRATIVE SERVICES, LLC"
1:2012-cv-00634,,n,Sawyer Food & Collier,SAWYER FOOD & COLLIER
4:2011-cv-00433,,y,Saybolt LP et al,SAYBOLT LP ET AL
3:2012-cv-00467,,n,SCI Texas Funeral Services Incorporated,SCI TEXAS FUNERAL SERVICES INCORPORATED
4:2014-cv-00363,,y,"Scientific Drilling International, Inc.","SCIENTIFIC DRILLING INTERNATIONAL, INC."
4:2015-cv-01563,,y,"Secure Energy Services USA, LLC et al","SECURE ENERGY SERVICES USA, LLC ET AL"
4:2014-cv-00868,,n,Select Comfort Retail Corporation,SELECT COMFORT RETAIL CORPORATION
3:2012-cv-01084,,n,"Seyco, Inc.","SEYCO, INC."
3:2014-cv-04173,,m,Shree Lakshmi Corp et al,SHREE LAKSHMI CORP ET AL
4:2013-cv-00354,,m,Shree Lakshmi Corp.,SHREE LAKSHMI CORP.
5:2013-cv-00660,,n,"Shurmed Emergency Medical Service, LLC","SHURMED EMERGENCY MEDICAL SERVICE, LLC"
4:2013-cv-02232,,n,"Silver Bullet Transport, LLC et al","SILVER BULLET TRANSPORT, LLC ET AL"
4:2014-cv-01622,,n,"Silver Oaks Painting, LLC et al","SILVER OAKS PAINTING, LLC ET AL"
1:2013-cv-00123,,m,Simmons et al,SIMMONS ET AL
4:2013-cv-01360,,n,Simon d/b/a Simon Law Firm,SIMON D/B/A SIMON LAW FIRM
2:2015-cv-00395,,n,"South Texas Specialty Welders, LLC et al","SOUTH TEXAS SPECIALTY WELDERS, LLC ET AL"
3:2011-cv-00523,,m,"Southern Coastal Contractors & Services, Inc. et al","SOUTHERN COASTAL CONTRACTORS & SERVICES, INC. ET AL"
4:2013-cv-02564,,n,Southstar Management LLC,SOUTHSTAR MANAGEMENT LLC
5:2015-cv-00889,,y,"Spartan Energy Services, LLC","SPARTAN ENERGY SERVICES, LLC"
5:2012-cv-00754,,n,"Spectrum Clubs, Inc et al","SPECTRUM CLUBS, INC ET AL"
4:2012-cv-00189,,n,"sportstar athletic, inc.","SPORTSTAR ATHLETIC, INC."
4:2014-cv-01144,,n,"Spring Branch SNF, LLC.","SPRING BRANCH SNF, LLC."
7:2010-cv-00441,,n,"Statewide Beverage, LLC","STATEWIDE BEVERAGE, LLC"
4:2013-cv-03235,,n,"Stella Environmental Services, LLC","STELLA ENVIRONMENTAL SERVICES, LLC"
4:2013-cv-02565,,n,"Stella Environmental Services, LLC","STELLA ENVIRONMENTAL SERVICES, LLC"
3:2014-cv-01082,,n,Stevens Transport Inc,STEVENS TRANSPORT INC
5:2011-cv-00110,,m,Stone,STONE
4:2010-cv-01899,,m,"Stone Mountain Management, LLC et al","STONE MOUNTAIN MANAGEMENT, LLC ET AL"
4:2011-cv-03678,,m,Streater et al,STREATER ET AL
4:2014-cv-03352,,n,"Sun Belt Commodities, Inc.","SUN BELT COMMODITIES, INC."
4:2013-cv-03510,,y,"Superior Energy Services, L.L.C.","SUPERIOR ENERGY SERVICES, L.L.C."
3:2015-cv-03125,,n,Superior Healthplan Inc et al,SUPERIOR HEALTHPLAN INC ET AL
1:2013-cv-00815,,n,"SVSS International, LLC et al","SVSS INTERNATIONAL, LLC ET AL"
4:2014-cv-00280,,y,"Synagro Drilling Solutions, LLC","SYNAGRO DRILLING SOLUTIONS, LLC"
4:2013-cv-01274,,n,"Ta Hua, Inc. et al","TA HUA, INC. ET AL"
3:2015-cv-00234,,y,"Tailing, LLC","TAILING, LLC"
4:2013-cv-01064,,n,"Tapioca of Texas, Inc. d/b/a Tapioca House et al","TAPIOCA OF TEXAS, INC. D/B/A TAPIOCA HOUSE ET AL"
4:2012-cv-01676,,n,Taqueria Arandas No. 27 Inc,TAQUERIA ARANDAS NO. 27 INC
3:2012-cv-00134,,n,Taqueria El Jaliciense et al,TAQUERIA EL JALICIENSE ET AL
1:2015-cv-00682,,n,Tau Deuteron Chapter of Phi Gamma Delta Fraternity et al,TAU DEUTERON CHAPTER OF PHI GAMMA DELTA FRATERNITY ET AL
4:2010-cv-02373,,n,"Taxmasters, Inc. et al","TAXMASTERS, INC. ET AL"
4:2013-cv-01952,,n,"Taylor Morrison, Inc.","TAYLOR MORRISON, INC."
4:2015-cv-01698,,n,"Taylor-Brooke Construction, LLC et al","TAYLOR-BROOKE CONSTRUCTION, LLC ET AL"
4:2014-cv-01890,,y,"Technical & Quality Solutions, Inc. et al","TECHNICAL & QUALITY SOLUTIONS, INC. ET AL"
4:2013-cv-03443,,n,Techno Automotive Inc.,TECHNO AUTOMOTIVE INC.
5:2015-cv-00463,,n,"Tessie & Mei, L.L.C, d/b/a Formosa Gardens","TESSIE & MEI, L.L.C, D/B/A FORMOSA GARDENS"
4:2014-cv-01259,,n,"Texana Behavioral Healthcare & Developmental Services, d/b/a Texana Center","TEXANA BEHAVIORAL HEALTHCARE & DEVELOPMENTAL SERVICES, D/B/A TEXANA CENTER"
3:2015-cv-02465,,n,Texas A&M University et al,TEXAS A&M UNIVERSITY ET AL
3:2010-cv-00416,,n,Texas Credit Corporation et al,TEXAS CREDIT CORPORATION ET AL
4:2015-cv-00422,,n,Texas Health Presbyterian Hospital,TEXAS HEALTH PRESBYTERIAN HOSPITAL
1:2013-cv-01033,,n,"Texas Tech Solutions, Inc. et al","TEXAS TECH SOLUTIONS, INC. ET AL"
4:2012-cv-00555,,n,"THD AT-HOME SERVICES, INC.","THD AT-HOME SERVICES, INC."
4:2013-cv-03077,,n,"The Children's Place Retail Store, Inc.","THE CHILDREN'S PLACE RETAIL STORE, INC."
3:2010-cv-00488,,n,The Dow Chemical Company,THE DOW CHEMICAL COMPANY
3:2013-cv-00085,,n,"The Granite and Flooring Center, LLC et al <B><font color=red>DO NOT NOT DOCKET Case transferred to Southern District of Texas Houston Division.</font></B>","THE GRANITE AND FLOORING CENTER, LLC ET AL <B><FONT COLOR=RED>DO NOT NOT DOCKET CASE TRANSFERRED TO SOUTHERN DISTRICT OF TEXAS HOUSTON DIVISION.</FONT></B>"
1:2014-cv-00853,,n,"The Reserve at Lake Travis, LLC","THE RESERVE AT LAKE TRAVIS, LLC"
4:2013-cv-02315,,n,"The Voss Law Firm, P.C.","THE VOSS LAW FIRM, P.C."
6:2010-cv-00091,,n,"Thomas E. Perez, Secretary of Labor, United States of Department of Labor","THOMAS E. PEREZ, SECRETARY OF LABOR, UNITED STATES OF DEPARTMENT OF LABOR"
3:2013-cv-04960,,n,THR Property Management LP,THR PROPERTY MANAGEMENT LP
2:2015-cv-00346,,n,"THUNDERHORSE FLOWBACK SERVICES, LLC","THUNDERHORSE FLOWBACK SERVICES, LLC"
3:2013-cv-04115,,n,Tianguis Cultural et al,TIANGUIS CULTURAL ET AL
5:2013-cv-00626,,n,Tombell Corporation et al,TOMBELL CORPORATION ET AL
4:2011-cv-03289,,n,Tony Thai Restaurant et al,TONY THAI RESTAURANT ET AL
4:2013-cv-02644,,n,"TORS Retail, Inc. et al","TORS RETAIL, INC. ET AL"
4:2012-cv-02983,,n,"TORS Retail, Inc. et al","TORS RETAIL, INC. ET AL"
4:2011-cv-03892,,n,"Trans Texas Transportation, Inc. et al","TRANS TEXAS TRANSPORTATION, INC. ET AL"
4:2013-cv-02912,,n,"Transcor America, L.L.C.","TRANSCOR AMERICA, L.L.C."
1:2015-cv-00331,,n,"Travis County, Texas","TRAVIS COUNTY, TEXAS"
4:2013-cv-00036,,y,"Trend Services, Inc.","TREND SERVICES, INC."
4:2011-cv-00627,,n,"TRG The Response Group, LLC et al","TRG THE RESPONSE GROUP, LLC ET AL"
1:2014-cv-00088,,n,Triple Crown Consulting LLC et al,TRIPLE CROWN CONSULTING LLC ET AL
1:2010-cv-00732,,n,"Triton Towing, Inc. et al","TRITON TOWING, INC. ET AL"
4:2011-xc-00849,,m,Troell,TROELL
1:2012-cv-00166,,n,TruGreen Limited Partnership et al,TRUGREEN LIMITED PARTNERSHIP ET AL
3:2015-cv-01728,,n,Trumps Inc et al,TRUMPS INC ET AL
4:2012-cv-00089,,n,Tsai & Tsai Inc. d/b/a Hunan Village Restaurant et al,TSAI & TSAI INC. D/B/A HUNAN VILLAGE RESTAURANT ET AL
4:2012-cv-01362,,n,"Turf Plus Management, Inc. et al","TURF PLUS MANAGEMENT, INC. ET AL"
1:2011-cv-00322,,n,Turner Industries Group LLC,TURNER INDUSTRIES GROUP LLC
1:2014-cv-00061,,n,"Turner Industries Group, LLC","TURNER INDUSTRIES GROUP, LLC"
2:2013-cv-00282,,n,"Ultra Body Fitness, Inc., et al","ULTRA BODY FITNESS, INC., ET AL"
5:2012-cv-00654,,y,"Universal Pressure Pumping, Inc.","UNIVERSAL PRESSURE PUMPING, INC."
3:2014-cv-03083,,n,"Up In Smoke, Inc. et al","UP IN SMOKE, INC. ET AL"
4:2013-cv-00975,,n,Utilimap Corporation et al,UTILIMAP CORPORATION ET AL
4:2011-cv-01166,,n,"Vacation Publications, Inc. et al","VACATION PUBLICATIONS, INC. ET AL"
4:2014-cv-02842,,n,"Van Loc Restaurant, Inc. et al","VAN LOC RESTAURANT, INC. ET AL"
1:2010-cv-00889,,n,Victoria Fire & Casualty Company,VICTORIA FIRE & CASUALTY COMPANY
3:2013-cv-02074,,n,Vinh Huong Food Product Inc et al,VINH HUONG FOOD PRODUCT INC ET AL
4:2015-cv-02315,,y,"Vision Guidance Services, L.P. et al","VISION GUIDANCE SERVICES, L.P. ET AL"
3:2014-cv-01099,,n,"Volt Electrical Systems, LLC et al","VOLT ELECTRICAL SYSTEMS, LLC ET AL"
4:2012-cv-03749,,y,"W.M. Dewey & Son, Inc.","W.M. DEWEY & SON, INC."
5:2015-cv-00605,,y,"W&W Energy Services, Inc.","W&W ENERGY SERVICES, INC."
4:2011-cv-01482,,n,Wachovia Mortgage Corporation et al,WACHOVIA MORTGAGE CORPORATION ET AL
3:2011-cv-01355,,n,"Wag Time, Inc. ","WAG TIME, INC. "
4:2014-cv-02761,,n,Walgreen Co,WALGREEN CO
5:2015-cv-00394,,n,Walgreen Company,WALGREEN COMPANY
4:2012-cv-00139,,m,Wallace et al,WALLACE ET AL
7:2013-cv-00122,,n,"Warrior Golf Management, LLC","WARRIOR GOLF MANAGEMENT, LLC"
1:2015-cv-00372,,y,"Wastewater Specialties, Inc.","WASTEWATER SPECIALTIES, INC."
4:2015-cv-02329,,n,"WCA Management Company, L.P.","WCA MANAGEMENT COMPANY, L.P."
4:2012-cv-02043,,n,"Wellness & Care Group of Texas, Inc. et al","WELLNESS & CARE GROUP OF TEXAS, INC. ET AL"
4:2011-cv-00738,,n,"Wells Fargo Bank, N.A.","WELLS FARGO BANK, N.A."
4:2015-cv-01728,,n,"Woodlands Landscaping, LLC et al","WOODLANDS LANDSCAPING, LLC ET AL"
4:2014-cv-00383,,m,Woodson,WOODSON
6:2013-cv-00029,,n,World Acceptance Corporation,WORLD ACCEPTANCE CORPORATION
1:2012-cv-00309,,m,Wright,WRIGHT
1:2012-cv-00378,,m,Wright,WRIGHT
3:2011-cv-00251,,n,Wright Tree Service Inc et al,WRIGHT TREE SERVICE INC ET AL
2:2014-cv-00190,,y,"XPAT Xtreme Pump & Testing, LLC","XPAT XTREME PUMP & TESTING, LLC"
4:2015-cv-02516,,y,"Xtreme Drilling and Coil Services, Inc.","XTREME DRILLING AND COIL SERVICES, INC."
4:2013-cv-02211,,n,"Yazainab Enterprises, Inc. et al","YAZAINAB ENTERPRISES, INC. ET AL"
4:2011-cv-00817,,m,Yoss,YOSS
5:2014-cv-00220,,n,"Zareena Investments, Inc. et al","ZAREENA INVESTMENTS, INC. ET AL"
3:2013-cv-01715,,n,"Ziba Enterprises, Inc. et al","ZIBA ENTERPRISES, INC. ET AL"
4:2011-cv-03151,,n,Zorro's Buffet et al,ZORRO'S BUFFET ET AL